Avg Session Length,Time on App,Time on Website,Length of Membership,Yearly Amount Spent
34.49726772511229,12.65565114916675,39.57766801952616,4.0826206329529615,587.9510539684005
31.92627202636016,11.109460728682564,37.268958868297744,2.66403418213262,392.2049334443264
33.000914755642675,11.330278057777512,37.110597442120856,4.104543202376424,487.54750486747207
34.30555662975554,13.717513665142508,36.72128267790313,3.120178782748092,581.8523440352177
33.33067252364639,12.795188551078114,37.53665330059473,4.446308318351434,599.4060920457634
33.871037879341976,12.026925339755056,34.47687762925054,5.493507201364199,637.102447915074
32.02159550138701,11.366348309710526,36.68377615286961,4.685017246570912,521.5721747578274
32.739142938380326,12.35195897300293,37.37335885854755,4.4342734348999375,549.9041461052942
33.98777289568564,13.386235275676436,37.534497341555735,3.2734335777477144,570.2004089636196
31.93654861844892,11.814128294972196,37.14516822352819,3.202806071553459,427.1993848953282
33.992572774953736,13.338975447662111,37.22580613162114,2.482607770510596,492.6060127179966
33.87936082480498,11.584782999535266,37.08792607098381,3.71320920294043,522.3374046069357
33.19033404372265,12.959226091609382,36.14466670004192,3.918541839158999,573.4158673313865
32.38797585315388,13.148725692056516,36.61995708279922,2.494543646659249,470.4527333009554
30.737720372628186,12.636606052000127,36.213763093698624,3.3578468423262944,461.7807421962299
32.12538689728784,11.733861690857394,34.8940927514398,3.1361327164897803,457.84769594494855
32.3388993230672,12.013194694014402,38.38513659413844,2.420806160901484,407.70454754954415
32.187812045932155,14.7153875441565,38.24411459434352,1.516575580831944,452.3156754800354
32.61785606282345,13.989592555825254,37.19050380039796,4.064548550437977,605.061038804892
32.912785111159785,11.365492025516154,37.60779252420698,4.599937357614995,534.7057438060227
33.50308725671972,12.87798369625634,37.44102133556604,1.559151939957077,419.93877483917913
31.53160448257291,13.378562784168984,38.73400628989712,2.2451477874052825,436.51560572936256
32.903250973372074,11.657575922065588,36.77260376125875,3.919302308553184,519.3409891307888
33.02933195350689,11.765812645482356,37.73852494557909,2.7217359920452187,423.17999168059777
33.54123131310037,12.78389178427502,36.430649621049305,4.6481993164286015,619.8956398616367
32.33598963740772,13.007819424388568,37.85177916943607,2.9963645262685388,486.83893476506273
33.110205057717764,11.982044994015611,35.293087754360506,3.923488745527437,529.537665336851
33.10543794246846,11.9650200029979,37.27781174207212,4.742577519573316,554.7220838330761
33.24190043446127,12.305417813429449,36.16364817104465,3.0623681453116887,497.5866713004408
33.46105629551836,10.869163814130363,35.62244242064545,3.471413452477678,447.6879065360587
32.175501237949376,13.387492105579696,35.69417498569782,4.343062915388998,588.7126055095755
32.72836000313375,13.1045072428758,38.87804050675985,2.8200972339734696,491.0732236795196
32.82030994541536,11.634893252550464,35.368626325363024,4.1245852967146535,507.4418323396168
33.61603789276768,11.936386499892285,38.76864099802668,3.6492861577147018,521.8835731664783
31.72165236050904,11.75502370305383,36.7657223578584,1.8473704233395083,347.77692663187264
32.8653271748764,11.984417523634924,37.0443614002997,3.4523885826307272,490.73863214395465
32.74936818112046,9.954975969174418,37.38831486719822,4.650491269094463,478.1703340540876
32.567230480275114,12.489013215743665,36.371479814068536,4.22243622534277,537.8461952695957
32.07054622092545,11.733106220383403,37.53429101112128,4.671275460906252,532.7517875818364
33.01954798572344,10.634561317920276,37.49669014561275,4.646119976606155,501.8744302842695
33.79203907501622,12.507525374016035,37.14286198458455,4.214495086037866,591.1971781805905
32.89398062181101,11.52987820576495,36.888086054199256,4.643258549800133,547.2443434159983
32.04448612744043,13.414934735851688,36.11243501077792,2.2586863869468434,448.22982918655
34.55576799465749,12.170525424959395,39.13109673366661,3.663105491283853,549.860590464497
34.56455770619167,13.146551432907062,37.33544589432572,3.8768751769237673,593.9150029682891
32.726784597863976,12.988510147185291,36.46200325853961,4.113226122724209,563.6728733601083
33.117218732994786,11.864126358942508,36.58272776540628,3.2025311992107337,479.73194908594513
31.66104982274608,11.398064190096813,36.59445670006827,3.1983992716849063,416.3583535799008
33.90022441401576,10.956790967791653,37.266878259420906,2.952668957921736,442.667251738628
34.18777482695728,10.320116255059194,37.45340510152358,2.0948917061051766,384.62657156940537
33.762069239131385,9.98451439654646,35.93344930095986,3.855471684564181,451.4574468676027
34.390163664343326,12.64519514084352,38.46832110587932,2.874596910303952,522.40414125956
33.92529660119954,11.588655423353044,35.25224202243303,3.3920504890738385,483.6733080190456
32.68822929602445,13.761532847115614,39.252930950406224,2.995761182613056,520.8987944502368
34.3018702154015,10.56829468563276,36.17312563197192,3.315224753915404,453.16950235469744
32.843930222655175,11.832286222863626,36.81401056250368,3.4719191365417483,496.650708068581
33.75499472831927,12.06415663219932,37.27122169250193,3.9705556280753487,547.3651405940458
33.879784289702826,12.495591602384836,38.05260975257308,4.639320331857263,616.8515229667128
33.07653560709715,9.607314687519166,36.49399254673739,5.0812100924911086,507.21256900067846
32.227299136367215,13.728627177429864,37.99702800956553,4.802630630523376,613.5993233689068
32.789772618310714,11.670065919118976,37.4087484767376,3.414688422504897,483.15972078451705
32.77260992960089,13.276313008175377,36.60077705432864,3.462298847460372,540.2634004105403
33.0787172146689,12.695789749023144,35.358444307206696,4.0017863457980845,553.6015346844503
32.80522040097184,11.835476087614284,36.375066106372905,3.4395905595500764,469.3108614953106
32.43075793005128,11.306232344673576,37.68040322813719,2.7795207192736093,408.6201878298378
33.15417578832186,11.887494133971662,36.265000697022046,2.6022871120328714,444.96655165329264
34.33589583979252,12.2289347111239,36.1571911511149,4.694322274442824,595.8228366992038
32.38625185558597,10.674653472691904,38.00658317947767,3.4015223445155094,418.1500810968496
32.808697592685014,12.817113090284248,37.03153921676629,3.8515788003584657,534.7771880994133
33.879744967981246,13.5878060830337,38.26035344266013,3.2581128828882795,578.2416050583772
32.04983939045731,12.238057349986248,38.730861735419545,3.1205689148169737,478.7193568742153
33.55520742143224,11.55182116621942,36.628834292811774,2.8379431640697987,444.2859074976437
33.14207932732039,11.433379933334455,35.89243163440533,4.470282584120024,544.7798637193824
32.597182659813626,10.889566863427978,38.21257083414733,4.442054329011167,488.7860610939056
33.167136876950536,11.928842093866267,36.91463331144087,3.164943995285113,475.759067788328
31.514737857801983,12.595671305072534,39.6003764658614,3.7517345520890513,489.8124879964614
34.59402114954151,10.947258584185183,35.883994387012145,3.159754443950926,462.8976361529081
33.50136982210362,13.898081993497067,37.0589128165069,4.130562809236324,596.4301726172282
32.40237101796123,10.875559548189257,37.78114255999947,1.9140899242311,338.3198626415221
34.65548567957988,10.33807269503854,36.15725594420065,4.396651901097084,533.5149352552407
31.80930031667919,11.63466821794247,36.182539282355286,5.113319474870623,536.7718993628412
33.87777930012253,12.517666287393077,37.15192066097144,2.669941624279581,487.37930601702914
34.44787143648077,10.607723870859086,36.81909551318471,3.3664637433729325,473.7289665129948
31.95630056052337,12.8288933950187,36.951616684246815,4.571213023779052,547.1259317471988
32.605583641570504,12.068816079691766,36.1050004999139,3.917451119136939,505.11334353985785
32.491446603122874,12.530357373542884,37.87521910003027,2.476139050596412,449.0703194428044
33.616018552595435,13.516284296962846,36.77312349371806,4.125584363255396,611.0000251040717
33.47160052695171,11.662263431208274,36.05024078202619,3.9972553776226674,515.8288148548279
33.710653059122684,13.664747875183544,37.72438615760942,1.3626740800013843,439.07476674164496
32.19772379742183,11.83023109487895,36.63385670229112,4.193324635532072,514.0889577465721
32.46121244511541,13.291143045352884,38.633625651583536,3.871003400176416,543.340166256701
33.790387206952126,11.942340869536071,38.06341358683893,4.081802694781509,521.1429518103512
34.18382052058911,13.349912944366531,37.827394227862136,4.252006105620936,614.7153338263417
32.288666909138946,12.020112091208748,39.07440021133697,3.911708668370663,507.39006178986654
33.826352009072124,12.084091730811036,35.89035795567322,3.021671821710012,495.2994425473087
32.49839307472945,13.410759184940549,35.990488954758504,3.1846186616208865,518.0645579840107
31.88540629991176,11.28193107410364,37.385317552778375,2.877224878259828,390.1032729724755
32.425697279750864,11.448901535513794,37.580190429177314,2.5869679851624765,420.7376732446372
33.43782956230187,12.595420346380534,36.26203180012439,2.96964022663276,492.1050523891852
31.3895854806644,10.994223919350974,38.074452419704535,3.4288599039280125,410.0696110599829
33.46869994900622,13.085505760060856,35.84582711383271,2.926940235492512,497.51368332936767
32.291756100263015,12.190474287309025,36.15246208860067,3.781823039343296,494.55186108657256
32.063774620313694,10.719149740628396,37.71250863884946,3.004742535925674,378.3309069068038
33.15569970295208,12.931550271647987,38.16643555663392,3.854473855602962,570.451725912857
33.35687434475742,13.452128959435642,38.5030088492416,3.318822278930893,549.0082269346927
31.85307480174657,12.149375491578276,37.32533422381936,3.361814624383144,459.285123462352
32.01230076824544,12.178331333996288,37.71598617762173,3.722561172893833,492.94505306595823
32.388451625505326,11.010482132400076,38.41504158153833,3.5435470501829984,424.7626355099111
32.65318145878372,11.60253219348616,37.309688770879504,2.789461516374708,422.4267758765091
32.93133644189654,12.732211588456623,35.600820549110864,5.4859767341605234,642.1015787311585
33.23560650069385,11.223368888365105,37.69230086128236,2.59418972057778,413.3717831104521
33.92579489547877,12.01102187657459,36.701052315547926,2.75342416875812,479.23109291159307
33.05926409135838,11.725910097840956,35.9990993016087,5.004820577490747,593.0772413447513
32.401731827354666,12.08930957243735,38.3099078951232,3.873337568743252,506.5473070543517
33.88994100692418,13.068638584182436,37.540520355122574,3.79872531905254,571.3074948754644
34.569381218693444,12.85499036656409,35.00748225744693,3.2927976625756474,576.311177371677
33.70160519868888,11.56402236806554,37.67321036564864,4.716104987209577,576.8025473995871
33.26833021768797,11.113329897404322,37.38794554263559,4.018726609737513,514.239520718957
31.35847719243701,12.809883473378116,36.5496679900966,3.637701279515837,495.1759504494754
33.01479221522831,11.761172325483107,37.57016384471318,3.834169666632599,514.3365582674006
31.57613197132227,12.579894173618062,37.09326487011031,4.531986606666632,541.2265839893283
32.657268594778124,11.957923064554109,36.63465232853774,4.106055151602658,516.8315566841785
34.709323296131586,10.651793783474174,37.14600652898046,3.2182653850978555,468.4457372274064
34.536659179877404,12.75207661096469,36.71413783923341,3.283663455404016,548.2803201983364
32.771715009701,11.540832436151051,37.52642102779245,2.924020724598205,431.6177337614297
33.70040045682241,11.924394923280015,37.24503246996753,3.90525030898213,552.9403454501056
32.43977025334846,12.4241304114395,38.94882502753235,4.920318406118319,573.3062222574563
34.31216699740784,11.810586764578169,37.41413357473937,2.473596120847858,452.62725499508304
32.45517628513712,12.759168978762087,36.599112354294384,4.131276648377654,542.7115581025776
33.540976791782235,11.85189083494272,37.42454792226391,1.7677307075942403,407.8040306356823
33.358398281424215,12.70368792886871,36.10091445210865,2.72410820200549,482.3535703213532
32.68612925611517,12.21525242490249,36.59436168489157,3.897115859957253,529.2300901235094
34.558294609144475,11.28144500356714,36.4944064828881,2.491671541288354,433.0487690958266
33.5477479443078,10.735362917985055,37.45837473122322,3.863425442205034,476.1914133494556
31.954903856634846,10.963131776054832,37.327282689879496,3.578633900393988,439.997879939927
31.066218161637597,11.735094549013706,36.59937399114725,3.9588922643660966,448.9332932076744
31.85125312860837,12.41896198100501,35.97765170714366,3.251741770306888,472.9922466667984
32.609282635640405,10.537307537840883,35.73055240228659,3.914384667246393,463.9235129903258
32.11511906601424,11.919242397939176,39.29404346247573,1.4435150746515455,350.0582001638452
33.924624809512075,11.911415556879856,38.27470219571764,2.910037916541069,460.06127739124327
33.477190403003306,12.488067002053029,36.51838358912681,3.3455709758422434,505.77114032295646
32.116400120928155,12.380694979552985,37.23200330765404,3.0895277822700096,463.484995404266
32.255901204449785,10.480506832694497,37.33866962178549,4.514122441132637,479.73193764530447
32.69239221858063,12.296517680733736,36.951555210501326,1.8258846690261428,424.18549428888633
32.384732659005124,10.86160419912899,36.584437621758106,3.993656512525085,465.8893127108669
34.3387293850918,10.716355140061571,38.3072040068692,2.6521583048512407,426.7752159856604
32.510217994444325,10.984835888186163,37.396497475332055,5.391275125020631,555.8925953881737
32.44952156114242,13.45772494051235,37.23880567308968,2.941410754428091,503.9783790525795
32.29464154956504,12.443047890439868,37.32784803784372,5.084861308602488,586.1558701804727
33.5985203185533,11.586319529181235,39.09462702670515,3.6043985602569495,512.8253581285203
34.56868084571511,11.378087087773377,38.304471191707776,3.7849321101304056,528.2238093680072
32.83810016055479,12.364341604455197,38.039109387074966,3.30918232804298,468.9135013219844
33.30188161463884,12.54248105078634,38.31136489758187,3.7685619627098967,536.4231045259343
30.879484344127498,13.280432242922114,36.93615937845674,3.585160635161344,490.2065999848547
33.15425475700075,11.795886676889108,37.65861690944284,4.520353377496559,550.0475805761635
32.04780097886789,12.718039174525654,37.661106683992855,3.6758488000184415,513.4505711860965
33.63080076787103,12.039647840787234,38.9240870506292,2.873007508505152,497.8119300055205
34.04663802802127,12.474455453922836,35.037856159447585,4.055775961742958,578.9862585804897
33.644177000440536,13.160020040286032,36.4077474507818,3.015175298743708,506.5363931400864
32.65462160732388,11.052323653306686,37.63300941664362,4.717102512825834,501.74923330839226
33.42874704259606,10.636761083696546,37.57883524203316,2.926396448726688,421.9667941858674
31.86483254809873,13.443405985146253,36.87831536782346,2.361086946869883,439.8912804768137
34.48238804881123,13.28303286832567,35.907298426852456,4.9687426737281415,666.125591725772
33.432231396262715,10.859608533152716,38.83567008085343,3.669225611315444,465.17662330529686
33.30857161628053,11.691686125826353,37.48091197626706,1.7157771665531147,373.88572369695015
32.33263706834172,11.548761439776756,38.57651554990162,4.773503047345896,532.7174856761749
34.71345123397026,11.72400223179126,36.81385766052378,4.087837272921703,554.9007830202702
32.63587799818993,12.178573080885847,35.6742560274292,4.131755039569861,537.7731625414566
33.07570303157222,12.319845062066673,37.819155112276825,3.4427992020016864,501.100245232053
32.23014911593311,11.084360836740514,37.9596843202141,4.724027439824315,517.1651355939779
34.142863372870714,13.1777745337738,38.856041708111945,3.2309738432875563,557.5292736134538
32.4971984614607,12.832802836968114,37.67924462448078,2.972271382079821,493.719192978176
33.122399984316985,11.509047996817198,37.25305774145061,3.1823297317868184,452.1226250857849
33.088529366211525,11.85766344472502,36.0869343253416,4.8063496187852826,577.2734549822936
32.53379686092211,12.293365838346627,37.06462119956545,3.6203649883552,485.9231305248517
32.48426048276214,10.93325227854703,36.54550622682937,3.261324744787093,425.7450920310528
32.543459169597696,13.332839284456394,37.964390331775896,3.597459968849926,537.2150526997326
32.28312306113335,10.902556227019767,36.09424195284947,4.789201624179895,524.6379646141048
32.200798643965314,12.276981712741966,38.23260622710401,3.3164647447029107,478.8853913201482
34.71331650656199,12.038808239866547,37.63529940965426,4.632460945972205,612.3852298963608
32.71251232693568,11.724473856834608,37.15315160406014,3.3084430006746035,476.7667241547634
33.69489765096749,11.202669899735568,35.49396408005128,4.015986640445782,505.11963752820367
31.570200829320264,13.378063328893631,36.33780003116479,4.369366793790984,545.9454921414049
33.459476848964336,11.388612618641035,37.909138717559856,2.56663984381683,434.0216997527185
31.820998201672072,10.771074062599588,37.27863979370761,3.5190324339539223,424.67528101321335
32.73322416398153,11.818571762284998,37.10203132685911,1.503854421225295,352.55010816300035
32.407148299996685,13.808798675105963,37.42676891745393,5.039955263662929,662.9610878058954
33.506092281309364,11.659832840871449,37.28139282998597,4.47871260846301,560.5601606242603
30.83643267477343,13.100109538542808,35.907721429679654,3.361612984538193,467.5019004269896
34.87849495417028,13.067895684999526,36.67822227440393,1.9207154781756468,504.8704323933724
34.00721197222165,12.494322933269393,36.04545942048616,4.330714461860564,590.56271964715
31.525752416968214,11.340035931978807,37.03951365322458,3.811248170807232,443.9656268098819
31.04722213948752,11.199660962300452,38.688709099424365,3.0887639575315755,392.4973991890214
34.59577669439264,11.332487778094174,35.459862797144744,4.541695256706066,568.7175759305222
32.29524762622046,11.031358340409188,38.252978273334655,3.1074686827074625,413.29599918102974
33.324240521849696,11.084584086421874,36.77601657686874,4.74698970293514,562.0820453929382
32.903454333014224,10.542645423983108,35.533863500263074,3.091826869545788,412.012931298847
32.55949313011333,11.79779551488024,37.77736579677647,3.1956257763719886,468.6684655991273
31.76561882104241,12.442616548294636,38.13171202563648,3.8502796390964265,496.55408163560713
34.08164619679617,12.104542428062684,36.059645979865,3.974522480483529,548.5185292758069
33.304431285296005,12.37849022280867,38.76429717446252,3.843848921495288,536.1308968550213
34.33075044367848,13.722453676229962,35.773116391246816,2.9090084604850786,558.4272571753238
33.60579899891236,13.685118899623587,34.89198326749108,2.6852848361090778,529.0566631985306
32.74515048083576,10.012583366223025,38.354959870264494,3.1089114491812744,387.3570727364218
32.12236479579778,11.435533874300315,36.22355746230224,4.852842407156434,528.9336185650203
32.53082944110282,12.354607081759855,37.12234520816764,2.30755242118396,420.91615953269286
31.736635686050285,10.748533655415796,35.738707471214525,4.83552866742221,496.9334462555319
34.11756669418932,11.59187166512224,37.743619699549896,3.6785893989539975,519.372976801355
33.63662445812838,11.236506758754029,37.675020732908045,5.254708925941115,591.4377355684502
34.33486453305802,11.109456333168431,38.585854757332655,3.8928914802112553,502.4097853029053
34.814983943728855,12.114944955194904,36.28872395038688,4.3894552264165165,604.3348400688553
34.642669758092204,11.866481205181708,37.71777057005867,4.003325039023282,555.0683940545761
32.299647163504964,12.168596472860555,37.073616172195656,4.403369830866465,547.1109823629461
31.94801742116136,13.085356892368791,37.60565280041329,2.648596770203317,461.9208768928978
32.72731919612472,13.013375627349651,36.65127791701514,2.367848224385221,458.3769106506301
33.94624061993669,10.9839767277944,37.951489458573896,3.0507129732180167,436.28349814675136
32.35147815076609,13.105158522307253,35.57484166706179,3.641497161540088,532.9352188376637
34.173752023676585,12.144748536704864,37.25803145871123,3.397363092819078,512.5525343564016
32.97518182625784,13.90991551102909,37.79223754313028,4.297686524285517,630.4227632299235
32.00475302036483,11.395209434440886,37.33281445580523,3.8033649990651752,463.74598112062944
34.19705969450868,13.033566182687188,37.07679515601331,2.6334199887174443,493.18021624931
33.177204666060376,11.622777173031125,35.96889569049679,3.634093727357596,501.2091726816533
32.69323953887129,12.600750401563928,37.37011822360151,3.467014066009709,501.9282648732441
31.625360134830608,13.187910985159366,37.06708996741924,1.4943108951995074,376.3369007569242
31.260646869879523,13.266760352944493,36.97119509745716,2.267251114447051,421.3266312569514
31.72076990028731,11.752343171850052,38.57360522634684,5.023934200606659,538.774933478023
32.92261075834941,11.56811634209842,36.90937820695247,2.471750669720034,398.163468533652
32.68624509039022,12.638572122192118,36.097220934711,4.297737481971208,571.4710341154247
34.05094675856064,11.388644575171456,39.08156474568163,2.4369588757864635,451.6286105401997
32.454552537551066,11.82298329832392,36.94612578169275,3.656983926688144,490.6004425003995
31.28344747605816,12.725677367222987,35.96566746423624,5.000243360514445,591.7810894256675
32.98002919845364,11.201159766003189,37.68933697894965,2.412830960970925,409.0704720533178
31.909626827522736,11.347263611462733,36.32365246819823,5.314354141170212,563.4460356732392
34.40240964824356,14.220979108167343,37.52319665049046,4.0777750980104255,647.6194557251927
32.95976431107423,11.546275759510358,36.947953692845566,3.2750706813095327,448.34042501104767
33.78015676329505,11.91763618310149,36.844733815044506,3.634996006306897,518.7864830920807
32.6729435250038,12.276056984463208,37.192793532227846,3.9824715131070567,523.6339351357243
32.72852076313786,10.131712461927217,34.84561239331277,3.2877018240744085,393.8573709860865
33.40992258786484,12.026942222615626,36.13389429009422,2.3133498845806395,426.154547713103
31.724202523845182,13.172287495263063,36.199753473916246,3.557813698186695,503.3878872879605
32.71111929929533,12.326291385476884,36.67387835766538,3.350279287544909,482.6024673294826
33.1366552476793,13.891313421778491,39.22071295098572,2.9070949348220267,524.7976275698038
34.37939438496412,12.930928541308225,36.36024719793432,3.7927119551515887,574.6548433659394
35.530904145898624,11.379257182400217,36.63610411908917,4.029453828152191,574.7472196620896
33.24726795047748,14.069382336483994,38.99332245115573,4.9784757934702615,660.4251842914138
32.096108993845185,10.804890557641668,37.37276214632111,2.6995620549722683,375.3984554102432
35.039283064909725,14.426491050422625,37.3741835048976,3.9306153266132897,640.1877400085722
32.55052657442161,13.041244588162265,36.65520808395947,3.456233823526301,514.0098178487357
32.58249357081853,11.739743796165987,36.85481082475086,2.1820169698233887,376.4968407185369
33.296981924626486,12.491058738018811,38.238940853091385,2.7095266269292764,484.5198091105512
33.108336148346,12.892374513653696,36.52738830431376,4.594116864603191,614.7296376283243
33.902717794463925,11.668866514553864,37.34126616101072,4.25698328967803,567.4750105270774
34.55528258670921,11.777772039564963,37.97982686004657,3.784273087078304,554.0030934297989
33.73264839262621,12.138793877121689,36.853882459920776,1.62341960945622,399.98387159812256
31.60051220030329,12.222967446546056,36.8227532265912,3.4145062403052493,479.17285149109694
34.318927438542204,13.402331896928285,37.29204470528371,3.6060868889081727,585.9318442972224
34.00648891839723,12.956276605432244,38.655094538522064,3.275733705185027,540.9957391083377
33.54047906012372,12.884124621344766,36.22604169397467,5.007271986589903,628.0478039330168
34.43642583784763,13.325469096138631,36.768603091480045,3.37125811322392,582.4919237338106
33.55169913754013,12.15858523387948,36.57513377612486,5.453969474611709,640.7861663983061
31.818616566769062,11.22654566351062,35.669935165958194,3.7558693892629655,446.4186733701357
32.36312129411639,12.461135435006732,37.74560774187829,4.664258497238649,570.6300980875259
33.191570884444964,9.846124908736233,36.876313233417314,3.8066709485629935,423.3083340974698
32.19249882778649,13.32541218598226,36.897294609068695,5.049927474652407,616.6602860166827
32.60790271932764,13.677245841523792,37.744699695149066,2.871947536151015,530.3624688854229
32.26200310699493,11.644969546399302,37.02687697079434,3.2367328142505314,442.3631173838644
32.271848280874984,13.485008988077054,37.55088041321525,3.086337272317325,511.9798599920658
33.79512493081247,11.620996507575208,38.4194685327455,4.559699083258959,560.4437921717631
31.654809675692764,13.014459152355206,37.78903634703418,3.0102097779609496,475.2634237275485
33.07773079450243,11.466984219092824,35.675727630820134,1.8092295917763104,374.2696745439231
31.312349599444342,11.684904192367506,38.71707629773135,3.594295099901167,463.5914180279406
32.87273861448019,12.09396635537946,36.62077385548951,3.0491957437894315,471.602884392892
33.708153408093004,14.325654943309248,35.7218273299056,3.6343402240734415,626.018672655394
33.908565031728365,12.914846634589114,39.06886445133981,1.4823596439649784,432.47206125141577
32.31290974594309,9.8244017703894,35.74277912557426,2.921350140816143,356.6155678900057
34.39432664844985,12.807751833234732,38.55103028983871,1.8100798764120296,467.4278485003528
32.42330472721988,13.05827792714326,37.26387556144864,3.3731046739911137,503.21739311910665
33.539396346976595,10.534553499461076,37.03479128933126,2.2147975193939367,378.47356644790113
33.37401692609311,11.143433077943628,35.94639914639546,5.454463277564527,584.2183134866807
33.794755944865194,10.982805534662877,34.81063145023747,3.2018017221749915,451.7278633175868
33.7709000976483,11.153966054877388,37.24032955207884,4.729484541572504,557.6341089957289
31.309192640891823,11.947175323941774,36.19083323650043,3.205529764506833,432.7207178399336
33.612563354981084,11.47056500466582,37.0616887661275,3.802511438790271,506.42385996980016
33.39826012958678,11.03785041365591,38.61733445368848,4.116340467131812,510.1598172791045
33.622591840455804,11.167356897497289,35.62658733096311,5.462500764129898,587.5747994806404
31.904857131013607,12.227728279686652,36.98591347608606,3.771420131891554,473.94985742281614
33.0264203526517,13.18681287300118,38.06692960186935,2.898299577888636,489.9080530975354
32.975192902963855,13.394451788942057,37.80697766984659,3.5690465158585187,541.9722037582585
33.91401511732236,12.266503838947587,36.57503097579012,3.0234744460455456,494.6871558102853
33.30267220801569,13.459222289832477,36.33952101023726,5.56638489205681,689.7876041747194
31.91207592920061,11.792971821961505,36.25781911850192,2.3951681299791368,387.5347163057077
32.40855895733437,10.98574015235435,37.36839124072731,3.5048334855203,441.8966315178863
32.64461690576892,12.637557159364276,36.5170857636486,5.226687712532106,604.8413188212228
33.24850620315415,11.656592033851751,36.54860515461888,3.363411393785737,479.6148116731425
34.72908016563062,11.9668980767806,36.54759627699104,2.957448756503683,506.132342437705
30.3931845423455,11.80298577760313,36.315763151803424,2.0838141920346707,319.9288698031936
33.3841105711181,12.677401437121036,35.622530591605994,3.680847338174777,528.3092250312227
32.878474365657695,13.032534975943191,37.87095205416159,4.693732057983858,610.1280331303979
34.50141785278397,12.44761745405695,37.53453024067718,4.008352234634593,584.1058850493532
33.56647438959015,12.235659245108506,37.27757337619507,2.5320440615078934,466.4211988217437
32.8487928288471,10.973162084317348,36.60950715426321,2.8709869096996963,404.82452887268687
33.53186013061325,13.665769794267849,36.90022076162611,3.515688256202335,564.7909690079206
33.41906734548329,13.391120179234008,37.19419104646396,4.069916618589859,596.516697973153
32.495418773654315,12.96832561098067,38.296110372778266,1.2004838567566694,368.6547849470645
33.67402747501462,12.968893130527093,37.33310741829708,3.22945090446699,542.4124767293989
33.264632073163924,10.732131340303663,36.14579171248221,4.086566338485993,478.2621263968358
32.76245596030955,10.952353380458652,37.646291787430776,4.019470351595002,473.360495571661
33.47947160188164,12.60888879370027,37.22939451627661,4.205903889533483,559.1990479544187
33.785207205733194,13.039511025284968,36.31272657154038,2.0181946292873114,447.1876443054185
33.21718784289895,10.999683661085925,38.442766686805065,4.2438128167261855,505.2300682820706
31.128090049616628,13.278956228597714,37.38718052656558,4.626075291951958,557.2526867470547
33.36951735608769,10.62794922615627,38.04031366664072,3.00295702283384,422.3687366068266
32.837893053239185,13.185181167368498,35.92159518889928,1.823595182991803,445.06218550892487
30.57436368417137,11.351049011250833,37.08884657968332,4.078308001651641,442.06441375806565
32.27459383033916,12.954811454937932,37.1088163801084,3.689916615447592,533.0400601788124
33.14423399987652,11.73704063527238,37.93518904595916,2.1901321853800533,424.2028270990325
33.4855197629536,11.887345302061831,35.86244707788159,3.2067566975868704,498.635598489176
31.97648006146129,10.757130926114415,36.59586794587455,1.9770071278430592,330.5944460341002
32.13386240984833,11.612650769570312,39.24880390433504,3.3492453825271813,443.4418600624623
32.302553103111435,11.97906148391534,38.26906069147024,3.5328615795564757,478.60091594433294
31.82797905546526,12.461147444665412,37.4289973693919,2.9747368150832405,440.0027475469415
32.018074010632084,10.079463451952432,38.0706642585136,2.6181653103960847,357.7831107453153
32.997459002491695,12.589240561061525,37.33224074655335,2.8040136926903942,476.139246872566
31.81642833419931,14.2880145907663,36.77386136993079,2.9644978762354017,501.1224915036564
34.46151473966461,11.91711569558776,37.76668677332467,4.3508878437244665,592.6884532021675
32.34279623166797,11.40964461636565,35.77778217066089,3.8724320418689104,486.0834255029927
32.30274837339047,12.815392648610311,37.95780983454751,4.615426306527649,576.0252441251166
33.06644065628263,11.673229254101276,37.84065507750671,2.727209453758874,442.7228915742714
33.89464038846548,10.61053651970745,37.977388737979744,3.537123879902206,461.7909590614097
32.765664587506606,12.506548190327935,35.823466666422846,3.12650948966,488.387525780145
33.76981237165136,11.304462307422886,37.83397172859896,5.137816745950984,593.1564014822196
31.812482559724263,10.886921180951674,34.897827688311345,3.1286388557446334,392.8103449837972
32.00850451785513,12.095889485093476,36.37750903434099,3.1789524050534483,443.1972210287554
33.30433661798984,12.692661429739386,37.33359061333867,3.827375915107567,535.4807751896418
32.189844729273545,11.386775551280651,38.19748324839899,4.808320372869162,533.3965537868428
34.9356051056443,10.728418539377822,36.88119240747175,4.048510087289211,532.1274491097012
33.55165060797954,11.936895159842097,35.90025278215821,4.5433324132930855,558.9481123879059
32.386968674631895,12.717995102314037,35.12882235312117,3.4810621331251683,508.771906741518
33.34450868519732,10.969802874106238,35.9745781075859,2.627624971434411,403.7669020956173
33.6727578867203,13.420545742201176,37.76369040280344,4.794312263402833,640.5840618984408
34.00207092262163,11.85468192110211,37.49189221040693,2.7618619263014166,461.6282783910862
32.65539704223188,11.918859709324538,35.716269159517005,2.1596760229888288,382.4161078654752
32.054261851184755,13.149669557991398,37.65040020345744,4.1956144126751305,561.874657668983
33.22877226969563,12.685393899848076,36.04898625036686,2.139403004485981,444.5761441337301
32.07759004432913,10.347876945661575,39.04515569638812,3.43455972254092,401.0331352191061
34.17951756796679,12.581547729914536,35.444264696393994,3.137068975480682,527.7829957560522
32.60273898042012,11.764447589452988,37.922703809566,3.5258064121952244,482.144996875768
32.03054971621298,12.644202118863694,38.00182746752369,5.038107493844868,594.2744834186118
33.100357750772915,11.832112231483734,36.841491638054855,3.6122391519937,502.0925279023197
32.99059904291544,10.441235061603203,35.93896250240334,2.895075162804356,407.657178759326
34.357196268204405,9.477777607959723,37.90601452014432,5.0470225513951,531.9615505451646
33.70511279750195,10.163179060052556,37.763041081545246,4.778973636034999,521.2407802357949
32.404295045983574,11.608997936221536,38.11045690682496,2.96655888465992,447.36902719933136
31.82934645592113,11.268259230574026,36.9569654250941,2.6689197733345025,385.152337987975
31.36621216718769,11.163159542913276,37.08831936433477,3.620354588804087,430.5888825564849
31.447446494127817,10.101632204781014,38.04345265084128,4.238296188412728,418.602742095224
33.58294683702328,12.76153127820102,36.90818962373682,2.4793398232086954,478.9514047578856
32.39742194430904,12.055340161330117,37.68546548721554,3.506967573635258,483.7965220614929
35.03744996157605,11.935934966559186,35.78392374450292,3.3101503465768563,538.941974531203
32.78494023263413,12.451200012438312,36.66579136924871,3.535802467873828,486.1637990666317
33.38599019075222,12.782171794760188,35.550772266806135,3.2287176862706497,527.7837897574573
33.556555671402755,12.960307128914414,37.951946317735135,3.3459223210048927,547.1907493518986
33.58737339024554,9.95399500605983,37.34573893439929,3.2156668270219866,410.6029439492151
34.18818406101828,13.130021664776669,35.42933438847124,3.7905521368804433,583.9778019715427
33.59396354804201,11.520566788562215,36.18913179541947,3.5612152714310823,474.53232943988985
33.236265721508744,10.972554314292411,34.574027587189626,2.931619534651152,414.9350606518193
33.20891970058922,13.53191346185937,38.95246252162796,3.0465406206892376,550.8133677324173
33.63781167586591,12.039502370469924,34.487184747742425,2.739200466766662,458.78113168424994
33.59048580327403,10.942069621017652,36.170494202481,2.783963128204522,407.5421680134348
34.195508030962635,12.664192622515644,37.027150364769525,4.330407444211276,581.3089328794999
33.48193057257537,11.918670307379347,37.317704949196845,3.3363393820041853,503.1750851912004
33.25823783380398,11.514949066574866,37.128039498322295,4.662845304002564,549.1315732872171
32.319857972167306,12.418113202231623,36.155336204959546,3.222080766760957,482.8309858617017
32.430838579082014,13.887275413385506,38.38195597213616,3.772969024644708,557.6082620533542
31.44597248275779,12.846499067474369,37.86921693600857,3.4201495301648563,484.87696493512857
34.012619460656374,12.914570094327916,36.04620351842453,3.488029991222592,547.7099885778624
34.14039342796294,11.568526641744768,38.918748541019504,4.082855278762214,537.8252822957112
32.37798965892753,11.971750786570595,37.19936752783635,2.8296995751470893,408.2169017707518
33.17233109074306,13.078692439536418,37.32981862521235,5.405406467229509,663.0748176067602
33.24732220295966,11.956426484854196,36.51734612004179,3.4517507098331026,506.37586675019753
33.59891333929404,13.252737094184226,37.30596141998359,2.9355772737404866,528.4193296952955
33.08529799058909,13.093537281195056,38.31564796064117,4.75036007144446,632.1235881419657
32.27844334791965,12.527471744522868,36.68836654250485,3.5314023030588984,488.2702979651482
33.441553044751224,11.235968954252517,37.05261630809583,3.904479379627935,508.7357409506604
32.86530120924307,12.074830167957376,35.569170317446186,2.399079789790412,411.1869635742789
31.526197898239808,12.045331979699332,38.50588332918249,2.8477090264744978,409.0945261923378
33.00084964015205,11.230743306761044,36.99529016635977,3.781703565104839,467.8009243667916
32.08838063044821,11.90784409977911,35.18912244437772,4.34977841863416,512.1658663881581
33.265444472845786,13.052210385161311,38.77566529611688,4.574287716419565,608.2718166151668
32.992573196692234,13.004362005673077,36.98504141740091,4.620416384895068,589.0264897562791
33.86318870719846,11.52352268106905,35.9380452301724,3.0130325004194374,444.0538265727728
32.59209322575472,10.314717921893896,36.72902940108786,4.791108744558266,493.1812613907186
32.381034590963445,12.433128529733454,37.62690680204789,4.334001444341368,532.724805462904
33.454301926040195,11.016755636715027,37.6373109611636,4.137000388171066,511.03878605116114
32.21552741998912,12.216854693359824,36.95395970110429,2.910530822492482,438.4177420114685
31.67391550327495,12.329147021418828,37.07437106706514,3.982462318955639,475.7250679098812
33.71755461300513,10.8069660677747,36.01231723045213,3.7012292170202734,483.54319386538816
33.21547157476038,12.135101396955724,37.14209368933963,5.8405058759314255,663.8036932755083
31.574138022873235,12.94155572990243,36.72527682557128,4.560396067343642,544.4092721605869
33.89457038870139,13.300299363336553,36.393683855020775,4.4900020655598345,630.1567281670505
33.12869268643142,10.39845771308564,36.68339299807869,3.859817998874008,461.11224843060927
34.370327046164306,11.887800415781037,37.86144725932397,3.0466201888222324,491.9115050963458
34.08026009173408,11.591439703136588,36.45689841052433,4.652854446136778,574.4156896079883
31.425226880854808,13.271475042524669,37.23984661097634,4.0221029095289484,530.7667186547619
33.62530726457669,12.9882205986331,39.67259095594186,3.9694177591077393,581.7987976770314
31.8627411090001,14.039867262521904,37.022268985912326,3.7382251733253336,556.2981411740467
33.29258730730077,11.906507762219912,38.42286529341121,3.37668749953603,502.132789227254
33.749227770813306,11.13714030231066,38.40137368953426,4.595522708601322,556.1863688687886
34.14496898723948,12.902664889103924,36.61119877576035,2.2239934582520533,475.0716298996617
31.123974349911947,12.38651625649485,35.63211221551042,4.288486770885737,486.9470538397658
34.278247879997245,11.822721745594304,36.30854529439036,2.11738254152726,434.1442020262987
32.259973265557015,14.132893457553363,37.0234792364057,3.7620704427115657,571.2160048349454
35.43316530057876,11.912210479900578,36.08964365766702,4.00096358646012,583.0796356620574
31.967320947882403,11.481587147836263,39.24096484164356,3.5325171645393527,445.74984123965226
32.149060522105984,10.04731473507118,37.18144731064989,3.5350884276189447,392.99225591403086
33.91884417783405,12.428736927868275,37.305361879286025,4.158214652664192,565.9943634015267
33.20061634140451,11.965980266792483,36.831535850846905,3.549036057426973,499.14015244905386
32.53677489754807,11.121366060509414,36.97937237345656,4.129254688094536,510.5394216996283
33.02502013857588,12.504219807675256,37.645838788014025,4.051382465375181,561.5165319790891
31.26810421075072,12.132509111641538,35.4567981489283,3.0720761414868827,423.4705331738239
32.21292383005795,11.732991461588078,35.63395394740078,4.331863026751083,513.1531118530668
33.499506100675546,11.946590884981756,36.486325072393406,3.937862643180167,529.1945188649573
32.204654645678524,12.480701517118195,37.680287608367976,3.2794662600656097,478.5842860083426
32.67515450844823,12.594194066191111,37.683875373647005,2.5717778354776577,444.5821649786528
32.99838766242905,10.946841939586896,37.64780805527063,3.8260306175375134,475.0154070877503
33.9431185791017,11.48419869378604,36.83936583281821,2.402453833414224,436.7205558562188
33.55210836340867,11.120870867123784,36.80837605948796,4.02781384191709,521.1953105318003
33.67683086814267,10.971392430875488,37.72236711094261,3.629339915268192,478.1830597118797
32.641946365588176,11.588948579712492,36.32214091690131,3.189609941879746,432.48116855701767
33.42121218172261,10.706641521307748,35.76615350038372,3.393975043434297,438.30370784642975
32.76707608122926,11.07625934092972,34.77975050203264,2.574948470025072,388.9405487921943
33.11995442833815,12.953262542191794,37.03427958207978,3.4720213800343784,534.7714849461672
35.37187609232446,10.572466600106118,36.86218334634355,4.198349060814376,537.9157529213054
33.9760825800378,11.658036814224136,37.42527868006791,2.086348146609663,407.8763782204976
34.03416353106073,13.592512657946296,36.838656786348494,3.605933917733071,618.8459704239658
32.770492158549345,11.371767361249,35.26149811626243,4.034386130357467,502.77107456549606
33.50381038174352,11.23341495354092,37.21115258135112,2.320550249888456,397.420584096457
31.87455169458537,10.290350765056484,36.929761561703394,3.4910933370091515,392.2852442462675
32.53323998265473,14.121783839255324,38.40632901011416,5.320093863780987,689.2356997616951
34.85131416586477,12.415541963333618,37.67232248424959,3.130538462464844,543.1326262891694
34.21146128149797,10.770248917443364,34.64980004740713,4.985204970864012,577.7360248512277
33.45961931752967,12.664390524735165,36.36684324701071,1.726962043188511,436.5807403475482
34.200539409318985,12.667808875387266,37.487049248551685,3.7016222869142337,553.9946735912697
31.16950679871159,13.970181074130444,36.67395273856423,1.7851739448879638,427.3565308022928
32.51819681399925,11.509253453525044,36.59928908739349,3.0226757598626595,424.7287739291025
34.523019620716326,11.405770450141056,36.378271013194265,4.041244969129275,541.0498309594357
33.66599032199544,12.263717676034362,38.86023443032664,3.13952693504287,469.38314617236114
31.60983957338964,12.710701300459249,36.16646339192148,2.5628188108032326,444.54554965110816
33.70088553901973,13.471577671948914,37.0716431982524,2.3790764968915394,492.55683370047706
33.81173340621725,11.186808718643787,36.29889307823573,4.301996499354755,535.3216100850124
34.33667722314705,11.246812606011584,38.68258378408295,2.0947616690074846,408.9583359406166
31.061325156716126,12.357638107209011,36.16604163340145,4.089330841235956,487.5554580579016
33.06976829928679,11.764325958658198,36.87502580891776,3.5160510174718302,487.6462317438417
34.60624245261783,11.761883803681748,38.12651979793058,1.8208106181524435,402.1671222237256
34.238241911920284,11.550300110865926,35.76932963050029,4.183143661726128,551.0230017027826
32.04781463313985,12.482669924970503,35.536024530304154,3.393902788069372,497.3895577588434
30.971675643887767,11.731364294077403,36.07455114016891,4.4263640805293125,494.6386097568927
33.60685082311888,12.21407374586628,37.198427822725975,2.9052383614465733,479.2474167840931
33.448125009346555,11.903756682535944,36.874543604679936,2.7827578284994163,462.65651893471335
33.369380938205474,12.222483941893726,36.35523488364423,3.4470177927906893,515.5024796636585
33.452295280190306,12.005916370756164,36.53409567089256,4.712233578509767,576.4776071703129
32.904692444916265,11.91374515283876,36.05864760322049,1.2281124234144234,357.85798360521926
35.63085386109822,12.125401967944384,38.18776368086846,4.019051426800218,597.7398788791847
32.2463499961189,11.305551430414742,37.13312675937632,1.7073897286757314,327.37795258965207
34.69559119111866,11.608997070875464,37.684877275306064,3.1630919310737573,510.4013884525048
34.343921908427575,11.693058197072652,36.81293412550145,3.4470928961368963,510.50147847479735
33.68093694960616,11.201569884684467,37.83544772741218,2.208813678005546,403.8195198321978
32.060914398410056,12.625432642053951,35.53914242750509,5.412357839551379,627.603318713015
33.431097102487136,13.350631684459367,37.96597162275135,2.768851943263104,510.661792219672
33.23765998436727,13.566159613087606,36.4179847963968,3.746572973103466,573.8474377162278
34.70252897286158,11.695736293481328,37.1902677104526,3.5765259152594644,529.0490041294304
32.64677668060689,11.499409061002083,38.33257633196044,4.958264472618699,551.6201454762477
33.322501051305466,12.391422991118318,36.84008572976701,2.336484668112853,456.469510066298
33.71598091844986,12.418808324753911,35.771016191612965,2.7351595670822757,497.7786422156802
